172.18.74.1,set1,Stripe1
172.18.74.5,set1,Stripe1
172.18.74.9,set1,Stripe1
172.18.74.13,set1,Stripe1
172.18.74.17,set1,Stripe1
172.18.74.21,set1,Stripe1
172.18.74.25,set1,Stripe1
172.18.74.29,set1,Stripe1
172.18.74.33,set1,Stripe1
172.18.74.37,set1,Stripe1
172.18.74.41,set1,Stripe1
172.18.74.45,set1,Stripe1
172.16.74.41,set1,Stripe1
172.16.74.45,set1,Stripe1
172.16.74.33,set1,Stripe1
172.16.74.37,set1,Stripe1
172.16.74.25,set1,Stripe1
172.16.74.29,set1,Stripe1
172.16.74.17,set1,Stripe1
172.16.74.21,set1,Stripe1
172.16.74.9,set1,Stripe1
172.16.74.13,set1,Stripe1
172.16.74.1,set1,Stripe1
172.16.74.5,set1,Stripe1
172.20.74.1,set1,Stripe1
172.20.74.5,set1,Stripe1
172.20.74.9,set1,Stripe1
172.20.74.13,set1,Stripe1
172.20.74.17,set1,Stripe1
172.20.74.21,set1,Stripe1
172.20.74.25,set1,Stripe1
172.20.74.29,set1,Stripe1
172.20.74.33,set1,Stripe1
172.20.74.37,set1,Stripe1
172.20.74.41,set1,Stripe1
172.20.74.45,set1,Stripe1
172.18.74.2,set1,Stripe2
172.18.74.6,set1,Stripe2
172.18.74.10,set1,Stripe2
172.18.74.14,set1,Stripe2
172.18.74.18,set1,Stripe2
172.18.74.22,set1,Stripe2
172.18.74.26,set1,Stripe2
172.18.74.30,set1,Stripe2
172.18.74.34,set1,Stripe2
172.18.74.38,set1,Stripe2
172.18.74.42,set1,Stripe2
172.18.74.46,set1,Stripe2
172.16.74.42,set1,Stripe2
172.16.74.46,set1,Stripe2
172.16.74.34,set1,Stripe2
172.16.74.38,set1,Stripe2
172.16.74.26,set1,Stripe2
172.16.74.30,set1,Stripe2
172.16.74.18,set1,Stripe2
172.16.74.22,set1,Stripe2
172.16.74.10,set1,Stripe2
172.16.74.14,set1,Stripe2
172.16.74.2,set1,Stripe2
172.16.74.6,set1,Stripe2
172.20.74.2,set1,Stripe2
172.20.74.6,set1,Stripe2
172.20.74.10,set1,Stripe2
172.20.74.14,set1,Stripe2
172.20.74.18,set1,Stripe2
172.20.74.22,set1,Stripe2
172.20.74.26,set1,Stripe2
172.20.74.30,set1,Stripe2
172.20.74.34,set1,Stripe2
172.20.74.38,set1,Stripe2
172.20.74.42,set1,Stripe2
172.20.74.46,set1,Stripe2
172.18.74.3,set1,Stripe3
172.18.74.7,set1,Stripe3
172.18.74.11,set1,Stripe3
172.18.74.15,set1,Stripe3
172.18.74.19,set1,Stripe3
172.18.74.23,set1,Stripe3
172.18.74.27,set1,Stripe3
172.18.74.31,set1,Stripe3
172.18.74.35,set1,Stripe3
172.18.74.39,set1,Stripe3
172.18.74.43,set1,Stripe3
172.18.74.47,set1,Stripe3
172.16.74.43,set1,Stripe3
172.16.74.47,set1,Stripe3
172.16.74.35,set1,Stripe3
172.16.74.39,set1,Stripe3
172.16.74.27,set1,Stripe3
172.16.74.31,set1,Stripe3
172.16.74.19,set1,Stripe3
172.16.74.23,set1,Stripe3
172.16.74.11,set1,Stripe3
172.16.74.15,set1,Stripe3
172.16.74.3,set1,Stripe3
172.16.74.7,set1,Stripe3
172.20.74.3,set1,Stripe3
172.20.74.7,set1,Stripe3
172.20.74.11,set1,Stripe3
172.20.74.15,set1,Stripe3
172.20.74.19,set1,Stripe3
172.20.74.23,set1,Stripe3
172.20.74.27,set1,Stripe3
172.20.74.31,set1,Stripe3
172.20.74.35,set1,Stripe3
172.20.74.39,set1,Stripe3
172.20.74.43,set1,Stripe3
172.20.74.47,set1,Stripe3
172.18.74.4,set1,Stripe4
172.18.74.8,set1,Stripe4
172.18.74.12,set1,Stripe4
172.18.74.16,set1,Stripe4
172.18.74.20,set1,Stripe4
172.18.74.24,set1,Stripe4
172.18.74.28,set1,Stripe4
172.18.74.32,set1,Stripe4
172.18.74.36,set1,Stripe4
172.18.74.40,set1,Stripe4
172.18.74.44,set1,Stripe4
172.18.74.48,set1,Stripe4
172.16.74.44,set1,Stripe4
172.16.74.48,set1,Stripe4
172.16.74.36,set1,Stripe4
172.16.74.40,set1,Stripe4
172.16.74.28,set1,Stripe4
172.16.74.32,set1,Stripe4
172.16.74.20,set1,Stripe4
172.16.74.24,set1,Stripe4
172.16.74.12,set1,Stripe4
172.16.74.16,set1,Stripe4
172.16.74.4,set1,Stripe4
172.16.74.8,set1,Stripe4
172.20.74.4,set1,Stripe4
172.20.74.8,set1,Stripe4
172.20.74.12,set1,Stripe4
172.20.74.16,set1,Stripe4
172.20.74.20,set1,Stripe4
172.20.74.24,set1,Stripe4
172.20.74.28,set1,Stripe4
172.20.74.32,set1,Stripe4
172.20.74.36,set1,Stripe4
172.20.74.40,set1,Stripe4
172.20.74.44,set1,Stripe4
172.20.74.48,set1,Stripe4
172.18.75.1,set2,Stripe1
172.18.75.21,set2,Stripe1
172.18.75.41,set2,Stripe1
172.18.76.13,set2,Stripe1
172.18.76.33,set2,Stripe1
172.18.77.5,set2,Stripe1
172.18.78.1,set2,Stripe1
172.18.78.21,set2,Stripe1
172.18.78.41,set2,Stripe1
172.18.79.13,set2,Stripe1
172.18.79.33,set2,Stripe1
172.18.77.29,set2,Stripe1
172.16.75.5,set2,Stripe1
172.16.75.25,set2,Stripe1
172.16.75.43,set2,Stripe1
172.16.76.13,set2,Stripe1
172.16.76.33,set2,Stripe1
172.16.77.9,set2,Stripe1
172.16.77.26,set2,Stripe1
172.16.77.45,set2,Stripe1
172.16.78.19,set2,Stripe1
172.16.78.37,set2,Stripe1
172.16.79.9,set2,Stripe1
172.16.79.32,set2,Stripe1
172.20.75.1,set2,Stripe1
172.20.75.21,set2,Stripe1
172.20.76.1,set2,Stripe1
172.20.76.21,set2,Stripe1
172.20.76.41,set2,Stripe1
172.20.79.5,set2,Stripe1
172.20.77.1,set2,Stripe1
172.20.77.21,set2,Stripe1
172.20.77.41,set2,Stripe1
172.20.78.13,set2,Stripe1
172.20.78.33,set2,Stripe1
172.20.79.29,set2,Stripe1
172.18.75.2,set2,Stripe2
172.18.75.22,set2,Stripe2
172.18.75.42,set2,Stripe2
172.18.76.14,set2,Stripe2
172.18.76.34,set2,Stripe2
172.18.77.6,set2,Stripe2
172.18.78.2,set2,Stripe2
172.18.78.22,set2,Stripe2
172.18.78.42,set2,Stripe2
172.18.79.14,set2,Stripe2
172.18.79.34,set2,Stripe2
172.18.77.30,set2,Stripe2
172.16.75.1,set2,Stripe2
172.16.75.21,set2,Stripe2
172.16.75.44,set2,Stripe2
172.16.76.14,set2,Stripe2
172.16.76.34,set2,Stripe2
172.16.77.5,set2,Stripe2
172.16.77.27,set2,Stripe2
172.16.77.46,set2,Stripe2
172.16.78.20,set2,Stripe2
172.16.78.38,set2,Stripe2
172.16.79.10,set2,Stripe2
172.16.79.33,set2,Stripe2
172.20.75.2,set2,Stripe2
172.20.75.22,set2,Stripe2
172.20.76.2,set2,Stripe2
172.20.76.22,set2,Stripe2
172.20.76.42,set2,Stripe2
172.20.79.6,set2,Stripe2
172.20.77.2,set2,Stripe2
172.20.77.22,set2,Stripe2
172.20.77.42,set2,Stripe2
172.20.78.14,set2,Stripe2
172.20.78.34,set2,Stripe2
172.20.79.30,set2,Stripe2
172.18.75.3,set2,Stripe3
172.18.75.23,set2,Stripe3
172.18.75.43,set2,Stripe3
172.18.76.15,set2,Stripe3
172.18.76.35,set2,Stripe3
172.18.77.7,set2,Stripe3
172.18.78.3,set2,Stripe3
172.18.78.23,set2,Stripe3
172.18.78.43,set2,Stripe3
172.18.79.15,set2,Stripe3
172.18.79.35,set2,Stripe3
172.18.77.31,set2,Stripe3
172.16.75.2,set2,Stripe3
172.16.75.22,set2,Stripe3
172.16.75.45,set2,Stripe3
172.16.76.15,set2,Stripe3
172.16.76.35,set2,Stripe3
172.16.77.6,set2,Stripe3
172.16.77.28,set2,Stripe3
172.16.77.47,set2,Stripe3
172.16.78.21,set2,Stripe3
172.16.78.39,set2,Stripe3
172.16.79.11,set2,Stripe3
172.16.79.29,set2,Stripe3
172.20.75.3,set2,Stripe3
172.20.75.23,set2,Stripe3
172.20.76.3,set2,Stripe3
172.20.76.23,set2,Stripe3
172.20.76.43,set2,Stripe3
172.20.79.7,set2,Stripe3
172.20.77.3,set2,Stripe3
172.20.77.23,set2,Stripe3
172.20.77.43,set2,Stripe3
172.20.78.15,set2,Stripe3
172.20.78.35,set2,Stripe3
172.20.79.31,set2,Stripe3
172.18.75.4,set2,Stripe4
172.18.75.24,set2,Stripe4
172.18.75.44,set2,Stripe4
172.18.76.16,set2,Stripe4
172.18.76.36,set2,Stripe4
172.18.77.8,set2,Stripe4
172.18.78.4,set2,Stripe4
172.18.78.24,set2,Stripe4
172.18.78.44,set2,Stripe4
172.18.79.16,set2,Stripe4
172.18.79.36,set2,Stripe4
172.18.77.32,set2,Stripe4
172.16.75.3,set2,Stripe4
172.16.75.23,set2,Stripe4
172.16.75.41,set2,Stripe4
172.16.76.16,set2,Stripe4
172.16.76.36,set2,Stripe4
172.16.77.7,set2,Stripe4
172.16.77.29,set2,Stripe4
172.16.77.48,set2,Stripe4
172.16.78.17,set2,Stripe4
172.16.78.40,set2,Stripe4
172.16.79.12,set2,Stripe4
172.16.79.30,set2,Stripe4
172.20.75.4,set2,Stripe4
172.20.75.24,set2,Stripe4
172.20.76.4,set2,Stripe4
172.20.76.24,set2,Stripe4
172.20.76.44,set2,Stripe4
172.20.79.8,set2,Stripe4
172.20.77.4,set2,Stripe4
172.20.77.24,set2,Stripe4
172.20.77.44,set2,Stripe4
172.20.78.16,set2,Stripe4
172.20.78.36,set2,Stripe4
172.20.79.32,set2,Stripe4
172.18.75.5,set2,Stripe5
172.18.75.25,set2,Stripe5
172.18.75.45,set2,Stripe5
172.18.76.17,set2,Stripe5
172.18.76.37,set2,Stripe5
172.18.77.9,set2,Stripe5
172.18.78.5,set2,Stripe5
172.18.78.25,set2,Stripe5
172.18.78.45,set2,Stripe5
172.18.79.17,set2,Stripe5
172.18.79.37,set2,Stripe5
172.18.77.33,set2,Stripe5
172.16.75.4,set2,Stripe5
172.16.75.24,set2,Stripe5
172.16.75.42,set2,Stripe5
172.16.76.17,set2,Stripe5
172.16.76.37,set2,Stripe5
172.16.77.8,set2,Stripe5
172.16.77.25,set2,Stripe5
172.16.78.1,set2,Stripe5
172.16.78.18,set2,Stripe5
172.16.78.41,set2,Stripe5
172.16.79.13,set2,Stripe5
172.16.79.31,set2,Stripe5
172.20.75.5,set2,Stripe5
172.20.75.25,set2,Stripe5
172.20.76.5,set2,Stripe5
172.20.76.25,set2,Stripe5
172.20.76.45,set2,Stripe5
172.20.79.9,set2,Stripe5
172.20.77.5,set2,Stripe5
172.20.77.25,set2,Stripe5
172.20.77.45,set2,Stripe5
172.20.78.17,set2,Stripe5
172.20.78.37,set2,Stripe5
172.20.79.33,set2,Stripe5
172.18.75.6,set3,Stripe1
172.18.75.26,set3,Stripe1
172.18.75.46,set3,Stripe1
172.18.76.18,set3,Stripe1
172.18.76.38,set3,Stripe1
172.18.77.10,set3,Stripe1
172.18.78.6,set3,Stripe1
172.18.78.26,set3,Stripe1
172.18.78.46,set3,Stripe1
172.18.79.18,set3,Stripe1
172.18.79.38,set3,Stripe1
172.18.77.34,set3,Stripe1
172.16.75.9,set3,Stripe1
172.16.75.26,set3,Stripe1
172.16.76.21,set3,Stripe1
172.16.76.40,set3,Stripe1
172.16.77.10,set3,Stripe1
172.16.77.30,set3,Stripe1
172.16.78.5,set3,Stripe1
172.16.78.24,set3,Stripe1
172.16.78.42,set3,Stripe1
172.16.78.45,set3,Stripe1
172.16.79.17,set3,Stripe1
172.16.79.35,set3,Stripe1
172.20.75.6,set3,Stripe1
172.20.75.26,set3,Stripe1
172.20.76.6,set3,Stripe1
172.20.76.26,set3,Stripe1
172.20.76.46,set3,Stripe1
172.20.79.10,set3,Stripe1
172.20.77.6,set3,Stripe1
172.20.77.26,set3,Stripe1
172.20.77.46,set3,Stripe1
172.20.78.18,set3,Stripe1
172.20.78.38,set3,Stripe1
172.20.79.34,set3,Stripe1
172.18.75.7,set3,Stripe2
172.18.75.27,set3,Stripe2
172.18.75.47,set3,Stripe2
172.18.76.19,set3,Stripe2
172.18.76.39,set3,Stripe2
172.18.77.11,set3,Stripe2
172.18.78.7,set3,Stripe2
172.18.78.27,set3,Stripe2
172.18.78.47,set3,Stripe2
172.18.79.19,set3,Stripe2
172.18.79.39,set3,Stripe2
172.18.77.35,set3,Stripe2
172.16.75.10,set3,Stripe2
172.16.75.27,set3,Stripe2
172.16.76.22,set3,Stripe2
172.16.76.41,set3,Stripe2
172.16.77.11,set3,Stripe2
172.16.77.13,set3,Stripe2
172.16.77.31,set3,Stripe2
172.16.78.6,set3,Stripe2
172.16.78.25,set3,Stripe2
172.16.78.46,set3,Stripe2
172.16.79.18,set3,Stripe2
172.16.79.36,set3,Stripe2
172.20.75.7,set3,Stripe2
172.20.75.27,set3,Stripe2
172.20.76.7,set3,Stripe2
172.20.76.27,set3,Stripe2
172.20.76.47,set3,Stripe2
172.20.79.11,set3,Stripe2
172.20.77.7,set3,Stripe2
172.20.77.27,set3,Stripe2
172.20.77.47,set3,Stripe2
172.20.78.19,set3,Stripe2
172.20.78.39,set3,Stripe2
172.20.79.35,set3,Stripe2
172.18.75.8,set3,Stripe3
172.18.75.28,set3,Stripe3
172.18.75.48,set3,Stripe3
172.18.76.20,set3,Stripe3
172.18.76.40,set3,Stripe3
172.18.77.12,set3,Stripe3
172.18.78.8,set3,Stripe3
172.18.78.28,set3,Stripe3
172.18.78.48,set3,Stripe3
172.18.79.20,set3,Stripe3
172.18.79.40,set3,Stripe3
172.18.77.36,set3,Stripe3
172.16.75.6,set3,Stripe3
172.16.75.28,set3,Stripe3
172.16.75.46,set3,Stripe3
172.16.76.18,set3,Stripe3
172.16.76.42,set3,Stripe3
172.16.77.12,set3,Stripe3
172.16.77.14,set3,Stripe3
172.16.77.32,set3,Stripe3
172.16.78.2,set3,Stripe3
172.16.78.26,set3,Stripe3
172.16.79.14,set3,Stripe3
172.16.79.37,set3,Stripe3
172.20.75.8,set3,Stripe3
172.20.75.28,set3,Stripe3
172.20.76.8,set3,Stripe3
172.20.76.28,set3,Stripe3
172.20.76.48,set3,Stripe3
172.20.79.12,set3,Stripe3
172.20.77.8,set3,Stripe3
172.20.77.28,set3,Stripe3
172.20.77.48,set3,Stripe3
172.20.78.20,set3,Stripe3
172.20.78.40,set3,Stripe3
172.20.79.36,set3,Stripe3
172.18.75.9,set3,Stripe4
172.18.75.29,set3,Stripe4
172.18.76.1,set3,Stripe4
172.18.76.21,set3,Stripe4
172.18.76.41,set3,Stripe4
172.18.77.13,set3,Stripe4
172.18.78.9,set3,Stripe4
172.18.78.29,set3,Stripe4
172.18.79.1,set3,Stripe4
172.18.79.21,set3,Stripe4
172.18.79.41,set3,Stripe4
172.18.77.37,set3,Stripe4
172.16.75.7,set3,Stripe4
172.16.75.29,set3,Stripe4
172.16.75.47,set3,Stripe4
172.16.76.1,set3,Stripe4
172.16.76.19,set3,Stripe4
172.16.76.38,set3,Stripe4
172.16.77.33,set3,Stripe4
172.16.78.3,set3,Stripe4
172.16.78.22,set3,Stripe4
172.16.78.43,set3,Stripe4
172.16.79.15,set3,Stripe4
172.16.79.38,set3,Stripe4
172.20.75.9,set3,Stripe4
172.20.75.29,set3,Stripe4
172.20.76.9,set3,Stripe4
172.20.76.29,set3,Stripe4
172.20.75.41,set3,Stripe4
172.20.79.13,set3,Stripe4
172.20.77.9,set3,Stripe4
172.20.77.29,set3,Stripe4
172.20.78.1,set3,Stripe4
172.20.78.21,set3,Stripe4
172.20.78.41,set3,Stripe4
172.20.79.37,set3,Stripe4
172.18.75.10,set3,Stripe5
172.18.75.30,set3,Stripe5
172.18.76.2,set3,Stripe5
172.18.76.22,set3,Stripe5
172.18.76.42,set3,Stripe5
172.18.77.14,set3,Stripe5
172.18.78.10,set3,Stripe5
172.18.78.30,set3,Stripe5
172.18.79.2,set3,Stripe5
172.18.79.22,set3,Stripe5
172.18.79.42,set3,Stripe5
172.18.77.38,set3,Stripe5
172.16.75.8,set3,Stripe5
172.16.75.30,set3,Stripe5
172.16.75.48,set3,Stripe5
172.16.76.2,set3,Stripe5
172.16.76.20,set3,Stripe5
172.16.76.39,set3,Stripe5
172.16.77.34,set3,Stripe5
172.16.78.4,set3,Stripe5
172.16.78.23,set3,Stripe5
172.16.78.44,set3,Stripe5
172.16.79.16,set3,Stripe5
172.16.79.34,set3,Stripe5
172.20.75.10,set3,Stripe5
172.20.75.30,set3,Stripe5
172.20.76.10,set3,Stripe5
172.20.76.30,set3,Stripe5
172.20.75.42,set3,Stripe5
172.20.79.14,set3,Stripe5
172.20.77.10,set3,Stripe5
172.20.77.30,set3,Stripe5
172.20.78.2,set3,Stripe5
172.20.78.22,set3,Stripe5
172.20.78.42,set3,Stripe5
172.20.79.38,set3,Stripe5
172.18.75.11,set4,Stripe1
172.18.75.31,set4,Stripe1
172.18.76.3,set4,Stripe1
172.18.76.23,set4,Stripe1
172.18.76.43,set4,Stripe1
172.18.77.15,set4,Stripe1
172.18.78.11,set4,Stripe1
172.18.78.31,set4,Stripe1
172.18.79.3,set4,Stripe1
172.18.79.23,set4,Stripe1
172.18.79.43,set4,Stripe1
172.18.77.39,set4,Stripe1
172.16.75.11,set4,Stripe1
172.16.75.34,set4,Stripe1
172.16.76.7,set4,Stripe1
172.16.76.27,set4,Stripe1
172.16.76.43,set4,Stripe1
172.16.77.19,set4,Stripe1
172.16.77.37,set4,Stripe1
172.16.78.9,set4,Stripe1
172.16.78.31,set4,Stripe1
172.16.78.47,set4,Stripe1
172.16.79.22,set4,Stripe1
172.16.79.41,set4,Stripe1
172.20.75.11,set4,Stripe1
172.20.75.31,set4,Stripe1
172.20.76.11,set4,Stripe1
172.20.76.31,set4,Stripe1
172.20.75.43,set4,Stripe1
172.20.79.15,set4,Stripe1
172.20.77.11,set4,Stripe1
172.20.77.31,set4,Stripe1
172.20.78.3,set4,Stripe1
172.20.78.23,set4,Stripe1
172.20.78.43,set4,Stripe1
172.20.79.39,set4,Stripe1
172.18.75.12,set4,Stripe2
172.18.75.32,set4,Stripe2
172.18.76.4,set4,Stripe2
172.18.76.24,set4,Stripe2
172.18.76.44,set4,Stripe2
172.18.77.16,set4,Stripe2
172.18.78.12,set4,Stripe2
172.18.78.32,set4,Stripe2
172.18.79.4,set4,Stripe2
172.18.79.24,set4,Stripe2
172.18.79.44,set4,Stripe2
172.18.77.40,set4,Stripe2
172.16.75.12,set4,Stripe2
172.16.75.35,set4,Stripe2
172.16.76.3,set4,Stripe2
172.16.76.23,set4,Stripe2
172.16.76.44,set4,Stripe2
172.16.77.15,set4,Stripe2
172.16.77.38,set4,Stripe2
172.16.78.10,set4,Stripe2
172.16.78.27,set4,Stripe2
172.16.78.48,set4,Stripe2
172.16.79.23,set4,Stripe2
172.16.79.42,set4,Stripe2
172.20.75.12,set4,Stripe2
172.20.75.32,set4,Stripe2
172.20.76.12,set4,Stripe2
172.20.76.32,set4,Stripe2
172.20.75.44,set4,Stripe2
172.20.79.16,set4,Stripe2
172.20.77.12,set4,Stripe2
172.20.77.32,set4,Stripe2
172.20.78.4,set4,Stripe2
172.20.78.24,set4,Stripe2
172.20.78.44,set4,Stripe2
172.20.79.40,set4,Stripe2
172.18.75.13,set4,Stripe3
172.18.75.33,set4,Stripe3
172.18.76.5,set4,Stripe3
172.18.76.25,set4,Stripe3
172.18.76.45,set4,Stripe3
172.18.77.17,set4,Stripe3
172.18.78.13,set4,Stripe3
172.18.78.33,set4,Stripe3
172.18.79.5,set4,Stripe3
172.18.79.25,set4,Stripe3
172.18.79.45,set4,Stripe3
172.18.77.41,set4,Stripe3
172.16.75.13,set4,Stripe3
172.16.75.31,set4,Stripe3
172.16.76.4,set4,Stripe3
172.16.76.24,set4,Stripe3
172.16.76.45,set4,Stripe3
172.16.77.16,set4,Stripe3
172.16.77.39,set4,Stripe3
172.16.78.11,set4,Stripe3
172.16.78.28,set4,Stripe3
172.16.79.1,set4,Stripe3
172.16.79.19,set4,Stripe3
172.16.79.43,set4,Stripe3
172.20.75.13,set4,Stripe3
172.20.75.33,set4,Stripe3
172.20.76.13,set4,Stripe3
172.20.76.33,set4,Stripe3
172.20.75.45,set4,Stripe3
172.20.79.17,set4,Stripe3
172.20.77.13,set4,Stripe3
172.20.77.33,set4,Stripe3
172.20.78.5,set4,Stripe3
172.20.78.25,set4,Stripe3
172.20.78.45,set4,Stripe3
172.20.79.41,set4,Stripe3
172.18.75.14,set4,Stripe4
172.18.75.34,set4,Stripe4
172.18.76.6,set4,Stripe4
172.18.76.26,set4,Stripe4
172.18.76.46,set4,Stripe4
172.18.77.18,set4,Stripe4
172.18.78.14,set4,Stripe4
172.18.78.34,set4,Stripe4
172.18.79.6,set4,Stripe4
172.18.79.26,set4,Stripe4
172.18.79.46,set4,Stripe4
172.18.77.42,set4,Stripe4
172.16.75.14,set4,Stripe4
172.16.75.32,set4,Stripe4
172.16.76.5,set4,Stripe4
172.16.76.25,set4,Stripe4
172.16.76.46,set4,Stripe4
172.16.77.17,set4,Stripe4
172.16.77.35,set4,Stripe4
172.16.78.7,set4,Stripe4
172.16.78.29,set4,Stripe4
172.16.79.2,set4,Stripe4
172.16.79.20,set4,Stripe4
172.16.79.39,set4,Stripe4
172.20.75.14,set4,Stripe4
172.20.75.34,set4,Stripe4
172.20.76.14,set4,Stripe4
172.20.76.34,set4,Stripe4
172.20.75.46,set4,Stripe4
172.20.79.18,set4,Stripe4
172.20.77.14,set4,Stripe4
172.20.77.34,set4,Stripe4
172.20.78.6,set4,Stripe4
172.20.78.26,set4,Stripe4
172.20.78.46,set4,Stripe4
172.20.79.42,set4,Stripe4
172.18.75.15,set4,Stripe5
172.18.75.35,set4,Stripe5
172.18.76.7,set4,Stripe5
172.18.76.27,set4,Stripe5
172.18.76.47,set4,Stripe5
172.18.77.19,set4,Stripe5
172.18.78.15,set4,Stripe5
172.18.78.35,set4,Stripe5
172.18.79.7,set4,Stripe5
172.18.79.27,set4,Stripe5
172.18.79.47,set4,Stripe5
172.18.77.43,set4,Stripe5
172.16.75.15,set4,Stripe5
172.16.75.33,set4,Stripe5
172.16.76.6,set4,Stripe5
172.16.76.26,set4,Stripe5
172.16.76.47,set4,Stripe5
172.16.77.18,set4,Stripe5
172.16.77.36,set4,Stripe5
172.16.78.8,set4,Stripe5
172.16.78.30,set4,Stripe5
172.16.79.3,set4,Stripe5
172.16.79.21,set4,Stripe5
172.16.79.40,set4,Stripe5
172.20.75.15,set4,Stripe5
172.20.75.35,set4,Stripe5
172.20.76.15,set4,Stripe5
172.20.76.35,set4,Stripe5
172.20.75.47,set4,Stripe5
172.20.79.19,set4,Stripe5
172.20.77.15,set4,Stripe5
172.20.77.35,set4,Stripe5
172.20.78.7,set4,Stripe5
172.20.78.27,set4,Stripe5
172.20.78.47,set4,Stripe5
172.20.79.43,set4,Stripe5
172.18.75.16,Set5,Stripe1
172.18.75.19,Set5,Stripe1
172.18.75.37,Set5,Stripe1
172.18.75.40,Set5,Stripe1
172.18.76.10,Set5,Stripe1
172.18.76.28,Set5,Stripe1
172.18.76.31,Set5,Stripe1
172.18.77.1,Set5,Stripe1
172.18.77.4,Set5,Stripe1
172.18.77.22,Set5,Stripe1
172.18.78.16,Set5,Stripe1
172.18.79.28,Set5,Stripe1
172.16.79.4,Set5,Stripe1
172.16.77.2,Set5,Stripe1
172.16.76.28,Set5,Stripe1
172.16.76.8,Set5,Stripe1
172.16.76.11,Set5,Stripe1
172.16.77.40,Set5,Stripe1
172.16.77.22,Set5,Stripe1
172.16.76.48,Set5,Stripe1
172.16.79.44,Set5,Stripe1
172.16.75.38,Set5,Stripe1
172.16.75.36,Set5,Stripe1
172.16.75.16,Set5,Stripe1
172.20.75.16,Set5,Stripe1
172.20.75.19,Set5,Stripe1
172.20.75.37,Set5,Stripe1
172.20.75.40,Set5,Stripe1
172.20.76.18,Set5,Stripe1
172.20.76.36,Set5,Stripe1
172.20.76.39,Set5,Stripe1
172.20.79.1,Set5,Stripe1
172.20.79.4,Set5,Stripe1
172.20.79.22,Set5,Stripe1
172.20.77.16,Set5,Stripe1
172.20.78.28,Set5,Stripe1
172.18.75.17,Set5,Stripe2
172.18.75.20,Set5,Stripe2
172.18.75.38,Set5,Stripe2
172.18.76.8,Set5,Stripe2
172.18.76.11,Set5,Stripe2
172.18.76.29,Set5,Stripe2
172.18.76.32,Set5,Stripe2
172.18.77.2,Set5,Stripe2
172.18.77.20,Set5,Stripe2
172.18.77.23,Set5,Stripe2
172.18.78.36,Set5,Stripe2
172.18.79.48,Set5,Stripe2
172.16.78.12,Set5,Stripe2
172.16.77.3,Set5,Stripe2
172.16.76.29,Set5,Stripe2
172.16.76.9,Set5,Stripe2
172.16.76.12,Set5,Stripe2
172.16.77.20,Set5,Stripe2
172.16.77.23,Set5,Stripe2
172.16.76.31,Set5,Stripe2
172.16.79.24,Set5,Stripe2
172.16.75.39,Set5,Stripe2
172.16.75.19,Set5,Stripe2
172.16.75.17,Set5,Stripe2
172.20.75.17,Set5,Stripe2
172.20.75.20,Set5,Stripe2
172.20.75.38,Set5,Stripe2
172.20.76.16,Set5,Stripe2
172.20.76.19,Set5,Stripe2
172.20.76.37,Set5,Stripe2
172.20.76.40,Set5,Stripe2
172.20.79.2,Set5,Stripe2
172.20.79.20,Set5,Stripe2
172.20.79.23,Set5,Stripe2
172.20.77.36,Set5,Stripe2
172.20.78.48,Set5,Stripe2
172.18.75.18,Set5,Stripe3
172.18.75.36,Set5,Stripe3
172.18.75.39,Set5,Stripe3
172.18.76.9,Set5,Stripe3
172.18.76.12,Set5,Stripe3
172.18.76.30,Set5,Stripe3
172.18.76.48,Set5,Stripe3
172.18.77.3,Set5,Stripe3
172.18.77.21,Set5,Stripe3
172.18.77.24,Set5,Stripe3
172.18.79.8,Set5,Stripe3
172.18.77.44,Set5,Stripe3
172.16.77.1,Set5,Stripe3
172.16.77.4,Set5,Stripe3
172.16.76.30,Set5,Stripe3
172.16.76.10,Set5,Stripe3
172.16.78.32,Set5,Stripe3
172.16.77.21,Set5,Stripe3
172.16.77.24,Set5,Stripe3
172.16.76.32,Set5,Stripe3
172.16.75.37,Set5,Stripe3
172.16.75.40,Set5,Stripe3
172.16.75.20,Set5,Stripe3
172.16.75.18,Set5,Stripe3
172.20.75.18,Set5,Stripe3
172.20.75.36,Set5,Stripe3
172.20.75.39,Set5,Stripe3
172.20.76.17,Set5,Stripe3
172.20.76.20,Set5,Stripe3
172.20.76.38,Set5,Stripe3
172.20.75.48,Set5,Stripe3
172.20.79.3,Set5,Stripe3
172.20.79.21,Set5,Stripe3
172.20.79.24,Set5,Stripe3
172.20.78.8,Set5,Stripe3
172.20.79.44,Set5,Stripe3
172.18.78.17,Set6,Stripe1
172.18.78.19,Set6,Stripe1
172.18.78.37,Set6,Stripe1
172.18.78.39,Set6,Stripe1
172.18.79.9,Set6,Stripe1
172.18.79.11,Set6,Stripe1
172.18.79.29,Set6,Stripe1
172.18.79.31,Set6,Stripe1
172.18.77.25,Set6,Stripe1
172.18.77.27,Set6,Stripe1
172.18.77.45,Set6,Stripe1
172.18.77.47,Set6,Stripe1
172.16.79.5,Set6,Stripe1
172.16.79.7,Set6,Stripe1
172.16.78.33,Set6,Stripe1
172.16.78.35,Set6,Stripe1
172.16.78.13,Set6,Stripe1
172.16.78.15,Set6,Stripe1
172.16.77.43,Set6,Stripe1
172.16.77.41,Set6,Stripe1
172.16.79.45,Set6,Stripe1
172.16.79.47,Set6,Stripe1
172.16.79.25,Set6,Stripe1
172.16.79.27,Set6,Stripe1
172.20.77.17,Set6,Stripe1
172.20.77.19,Set6,Stripe1
172.20.77.37,Set6,Stripe1
172.20.77.39,Set6,Stripe1
172.20.78.9,Set6,Stripe1
172.20.78.11,Set6,Stripe1
172.20.78.29,Set6,Stripe1
172.20.78.31,Set6,Stripe1
172.20.79.25,Set6,Stripe1
172.20.79.27,Set6,Stripe1
172.20.79.45,Set6,Stripe1
172.20.79.47,Set6,Stripe1
172.18.78.18,Set6,Stripe2
172.18.78.20,Set6,Stripe2
172.18.78.38,Set6,Stripe2
172.18.78.40,Set6,Stripe2
172.18.79.10,Set6,Stripe2
172.18.79.12,Set6,Stripe2
172.18.79.30,Set6,Stripe2
172.18.79.32,Set6,Stripe2
172.18.77.26,Set6,Stripe2
172.18.77.28,Set6,Stripe2
172.18.77.46,Set6,Stripe2
172.18.77.48,Set6,Stripe2
172.16.79.6,Set6,Stripe2
172.16.79.8,Set6,Stripe2
172.16.78.34,Set6,Stripe2
172.16.78.36,Set6,Stripe2
172.16.78.14,Set6,Stripe2
172.16.78.16,Set6,Stripe2
172.16.77.44,Set6,Stripe2
172.16.77.42,Set6,Stripe2
172.16.79.46,Set6,Stripe2
172.16.79.48,Set6,Stripe2
172.16.79.26,Set6,Stripe2
172.16.79.28,Set6,Stripe2
172.20.77.18,Set6,Stripe2
172.20.77.20,Set6,Stripe2
172.20.77.38,Set6,Stripe2
172.20.77.40,Set6,Stripe2
172.20.78.10,Set6,Stripe2
172.20.78.12,Set6,Stripe2
172.20.78.30,Set6,Stripe2
172.20.78.32,Set6,Stripe2
172.20.79.26,Set6,Stripe2
172.20.79.28,Set6,Stripe2
172.20.79.46,Set6,Stripe2
172.20.79.48,Set6,Stripe2
172.20.80.1,Set7,Stripe1
172.20.80.13,Set7,Stripe1
172.20.80.25,Set7,Stripe1
172.20.80.37,Set7,Stripe1
172.20.81.1,Set7,Stripe1
172.20.81.13,Set7,Stripe1
172.20.81.25,Set7,Stripe1
172.20.81.37,Set7,Stripe1
172.20.82.1,Set7,Stripe1
172.20.82.13,Set7,Stripe1
172.20.82.25,Set7,Stripe1
172.20.82.37,Set7,Stripe1
172.18.81.1,Set7,Stripe1
172.18.81.13,Set7,Stripe1
172.18.81.25,Set7,Stripe1
172.18.81.37,Set7,Stripe1
172.18.82.1,Set7,Stripe1
172.18.82.13,Set7,Stripe1
172.18.82.25,Set7,Stripe1
172.18.82.37,Set7,Stripe1
172.18.80.7,Set7,Stripe1
172.18.80.19,Set7,Stripe1
172.18.80.31,Set7,Stripe1
172.18.80.43,Set7,Stripe1
172.16.80.1,Set7,Stripe1
172.16.82.7,Set7,Stripe1
172.16.81.1,Set7,Stripe1
172.16.81.13,Set7,Stripe1
172.16.81.25,Set7,Stripe1
172.16.81.37,Set7,Stripe1
172.16.80.7,Set7,Stripe1
172.16.80.19,Set7,Stripe1
172.16.80.31,Set7,Stripe1
172.16.80.43,Set7,Stripe1
172.16.82.25,Set7,Stripe1
172.16.82.37,Set7,Stripe1
172.20.80.2,Set7,Stripe2
172.20.80.14,Set7,Stripe2
172.20.80.26,Set7,Stripe2
172.20.80.38,Set7,Stripe2
172.20.81.2,Set7,Stripe2
172.20.81.14,Set7,Stripe2
172.20.81.26,Set7,Stripe2
172.20.81.38,Set7,Stripe2
172.20.82.2,Set7,Stripe2
172.20.82.14,Set7,Stripe2
172.20.82.26,Set7,Stripe2
172.20.82.38,Set7,Stripe2
172.18.81.2,Set7,Stripe2
172.18.81.14,Set7,Stripe2
172.18.81.26,Set7,Stripe2
172.18.81.38,Set7,Stripe2
172.18.82.2,Set7,Stripe2
172.18.82.14,Set7,Stripe2
172.18.82.26,Set7,Stripe2
172.18.82.38,Set7,Stripe2
172.18.80.8,Set7,Stripe2
172.18.80.20,Set7,Stripe2
172.18.80.32,Set7,Stripe2
172.18.80.44,Set7,Stripe2
172.16.80.2,Set7,Stripe2
172.16.82.8,Set7,Stripe2
172.16.81.2,Set7,Stripe2
172.16.81.14,Set7,Stripe2
172.16.81.26,Set7,Stripe2
172.16.81.38,Set7,Stripe2
172.16.80.8,Set7,Stripe2
172.16.80.20,Set7,Stripe2
172.16.80.32,Set7,Stripe2
172.16.80.44,Set7,Stripe2
172.16.82.26,Set7,Stripe2
172.16.82.38,Set7,Stripe2
172.20.80.3,Set7,Stripe3
172.20.80.15,Set7,Stripe3
172.20.80.27,Set7,Stripe3
172.20.80.39,Set7,Stripe3
172.20.81.3,Set7,Stripe3
172.20.81.15,Set7,Stripe3
172.20.81.27,Set7,Stripe3
172.20.81.39,Set7,Stripe3
172.20.82.3,Set7,Stripe3
172.20.82.15,Set7,Stripe3
172.20.82.27,Set7,Stripe3
172.20.82.39,Set7,Stripe3
172.18.81.3,Set7,Stripe3
172.18.81.15,Set7,Stripe3
172.18.81.27,Set7,Stripe3
172.18.81.39,Set7,Stripe3
172.18.82.3,Set7,Stripe3
172.18.82.15,Set7,Stripe3
172.18.82.27,Set7,Stripe3
172.18.82.39,Set7,Stripe3
172.18.80.9,Set7,Stripe3
172.18.80.21,Set7,Stripe3
172.18.80.33,Set7,Stripe3
172.18.80.45,Set7,Stripe3
172.16.80.3,Set7,Stripe3
172.16.82.9,Set7,Stripe3
172.16.81.3,Set7,Stripe3
172.16.81.15,Set7,Stripe3
172.16.81.27,Set7,Stripe3
172.16.81.39,Set7,Stripe3
172.16.80.9,Set7,Stripe3
172.16.80.21,Set7,Stripe3
172.16.80.33,Set7,Stripe3
172.16.80.45,Set7,Stripe3
172.16.82.27,Set7,Stripe3
172.16.82.39,Set7,Stripe3
172.20.80.4,Set7,Stripe4
172.20.80.16,Set7,Stripe4
172.20.80.28,Set7,Stripe4
172.20.80.40,Set7,Stripe4
172.20.81.4,Set7,Stripe4
172.20.81.16,Set7,Stripe4
172.20.81.28,Set7,Stripe4
172.20.81.40,Set7,Stripe4
172.20.82.4,Set7,Stripe4
172.20.82.16,Set7,Stripe4
172.20.82.28,Set7,Stripe4
172.20.82.40,Set7,Stripe4
172.18.81.4,Set7,Stripe4
172.18.81.16,Set7,Stripe4
172.18.81.28,Set7,Stripe4
172.18.81.40,Set7,Stripe4
172.18.82.4,Set7,Stripe4
172.18.82.16,Set7,Stripe4
172.18.82.28,Set7,Stripe4
172.18.82.40,Set7,Stripe4
172.18.80.10,Set7,Stripe4
172.18.80.22,Set7,Stripe4
172.18.80.34,Set7,Stripe4
172.18.80.46,Set7,Stripe4
172.16.80.4,Set7,Stripe4
172.16.82.10,Set7,Stripe4
172.16.81.4,Set7,Stripe4
172.16.81.16,Set7,Stripe4
172.16.81.28,Set7,Stripe4
172.16.81.40,Set7,Stripe4
172.16.80.10,Set7,Stripe4
172.16.80.22,Set7,Stripe4
172.16.80.34,Set7,Stripe4
172.16.80.46,Set7,Stripe4
172.16.82.28,Set7,Stripe4
172.16.82.40,Set7,Stripe4
172.20.80.5,Set7,Stripe5
172.20.80.17,Set7,Stripe5
172.20.80.29,Set7,Stripe5
172.20.80.41,Set7,Stripe5
172.20.81.5,Set7,Stripe5
172.20.81.17,Set7,Stripe5
172.20.81.29,Set7,Stripe5
172.20.81.41,Set7,Stripe5
172.20.82.5,Set7,Stripe5
172.20.82.17,Set7,Stripe5
172.20.82.29,Set7,Stripe5
172.20.82.41,Set7,Stripe5
172.18.81.5,Set7,Stripe5
172.18.81.17,Set7,Stripe5
172.18.81.29,Set7,Stripe5
172.18.81.41,Set7,Stripe5
172.18.82.5,Set7,Stripe5
172.18.82.17,Set7,Stripe5
172.18.82.29,Set7,Stripe5
172.18.82.41,Set7,Stripe5
172.18.80.11,Set7,Stripe5
172.18.80.23,Set7,Stripe5
172.18.80.35,Set7,Stripe5
172.18.80.47,Set7,Stripe5
172.16.80.5,Set7,Stripe5
172.16.82.11,Set7,Stripe5
172.16.81.5,Set7,Stripe5
172.16.81.17,Set7,Stripe5
172.16.81.29,Set7,Stripe5
172.16.81.41,Set7,Stripe5
172.16.80.11,Set7,Stripe5
172.16.80.23,Set7,Stripe5
172.16.80.35,Set7,Stripe5
172.16.80.47,Set7,Stripe5
172.16.82.29,Set7,Stripe5
172.16.82.41,Set7,Stripe5
172.20.80.6,Set7,Stripe6
172.20.80.18,Set7,Stripe6
172.20.80.30,Set7,Stripe6
172.20.80.42,Set7,Stripe6
172.20.81.6,Set7,Stripe6
172.20.81.18,Set7,Stripe6
172.20.81.30,Set7,Stripe6
172.20.81.42,Set7,Stripe6
172.20.82.6,Set7,Stripe6
172.20.82.18,Set7,Stripe6
172.20.82.30,Set7,Stripe6
172.20.82.42,Set7,Stripe6
172.18.81.6,Set7,Stripe6
172.18.81.18,Set7,Stripe6
172.18.81.30,Set7,Stripe6
172.18.81.42,Set7,Stripe6
172.18.82.6,Set7,Stripe6
172.18.82.18,Set7,Stripe6
172.18.82.30,Set7,Stripe6
172.18.82.42,Set7,Stripe6
172.18.80.12,Set7,Stripe6
172.18.80.24,Set7,Stripe6
172.18.80.36,Set7,Stripe6
172.18.80.48,Set7,Stripe6
172.16.80.6,Set7,Stripe6
172.16.82.12,Set7,Stripe6
172.16.81.6,Set7,Stripe6
172.16.81.18,Set7,Stripe6
172.16.81.30,Set7,Stripe6
172.16.81.42,Set7,Stripe6
172.16.80.12,Set7,Stripe6
172.16.80.24,Set7,Stripe6
172.16.80.36,Set7,Stripe6
172.16.80.48,Set7,Stripe6
172.16.82.30,Set7,Stripe6
172.16.82.42,Set7,Stripe6
172.20.80.7,Set7,Stripe7
172.20.80.19,Set7,Stripe7
172.20.80.31,Set7,Stripe7
172.20.80.43,Set7,Stripe7
172.20.81.7,Set7,Stripe7
172.20.81.19,Set7,Stripe7
172.20.81.31,Set7,Stripe7
172.20.81.43,Set7,Stripe7
172.20.82.7,Set7,Stripe7
172.20.82.19,Set7,Stripe7
172.20.82.31,Set7,Stripe7
172.20.82.43,Set7,Stripe7
172.18.81.7,Set7,Stripe7
172.18.81.19,Set7,Stripe7
172.18.81.31,Set7,Stripe7
172.18.81.43,Set7,Stripe7
172.18.82.7,Set7,Stripe7
172.18.82.19,Set7,Stripe7
172.18.82.31,Set7,Stripe7
172.18.80.1,Set7,Stripe7
172.18.80.13,Set7,Stripe7
172.18.80.25,Set7,Stripe7
172.18.80.37,Set7,Stripe7
172.18.82.43,Set7,Stripe7
172.16.82.1,Set7,Stripe7
172.16.82.13,Set7,Stripe7
172.16.81.7,Set7,Stripe7
172.16.81.19,Set7,Stripe7
172.16.81.31,Set7,Stripe7
172.16.81.43,Set7,Stripe7
172.16.80.13,Set7,Stripe7
172.16.80.25,Set7,Stripe7
172.16.80.37,Set7,Stripe7
172.16.82.19,Set7,Stripe7
172.16.82.31,Set7,Stripe7
172.16.82.43,Set7,Stripe7
172.20.80.8,Set7,Stripe8
172.20.80.20,Set7,Stripe8
172.20.80.32,Set7,Stripe8
172.20.80.44,Set7,Stripe8
172.20.81.8,Set7,Stripe8
172.20.81.20,Set7,Stripe8
172.20.81.32,Set7,Stripe8
172.20.81.44,Set7,Stripe8
172.20.82.8,Set7,Stripe8
172.20.82.20,Set7,Stripe8
172.20.82.32,Set7,Stripe8
172.20.82.44,Set7,Stripe8
172.18.81.8,Set7,Stripe8
172.18.81.20,Set7,Stripe8
172.18.81.32,Set7,Stripe8
172.18.81.44,Set7,Stripe8
172.18.82.8,Set7,Stripe8
172.18.82.20,Set7,Stripe8
172.18.82.32,Set7,Stripe8
172.18.80.2,Set7,Stripe8
172.18.80.14,Set7,Stripe8
172.18.80.26,Set7,Stripe8
172.18.80.38,Set7,Stripe8
172.18.82.44,Set7,Stripe8
172.16.82.2,Set7,Stripe8
172.16.82.14,Set7,Stripe8
172.16.81.8,Set7,Stripe8
172.16.81.20,Set7,Stripe8
172.16.81.32,Set7,Stripe8
172.16.81.44,Set7,Stripe8
172.16.80.14,Set7,Stripe8
172.16.80.26,Set7,Stripe8
172.16.80.38,Set7,Stripe8
172.16.82.20,Set7,Stripe8
172.16.82.32,Set7,Stripe8
172.16.82.44,Set7,Stripe8
172.20.80.9,Set7,Stripe9
172.20.80.21,Set7,Stripe9
172.20.80.33,Set7,Stripe9
172.20.80.45,Set7,Stripe9
172.20.81.9,Set7,Stripe9
172.20.81.21,Set7,Stripe9
172.20.81.33,Set7,Stripe9
172.20.81.45,Set7,Stripe9
172.20.82.9,Set7,Stripe9
172.20.82.21,Set7,Stripe9
172.20.82.33,Set7,Stripe9
172.20.82.45,Set7,Stripe9
172.18.81.9,Set7,Stripe9
172.18.81.21,Set7,Stripe9
172.18.81.33,Set7,Stripe9
172.18.81.45,Set7,Stripe9
172.18.82.9,Set7,Stripe9
172.18.82.21,Set7,Stripe9
172.18.82.33,Set7,Stripe9
172.18.80.3,Set7,Stripe9
172.18.80.15,Set7,Stripe9
172.18.80.27,Set7,Stripe9
172.18.80.39,Set7,Stripe9
172.18.82.45,Set7,Stripe9
172.16.82.3,Set7,Stripe9
172.16.82.15,Set7,Stripe9
172.16.81.9,Set7,Stripe9
172.16.81.21,Set7,Stripe9
172.16.81.33,Set7,Stripe9
172.16.81.45,Set7,Stripe9
172.16.80.15,Set7,Stripe9
172.16.80.27,Set7,Stripe9
172.16.80.39,Set7,Stripe9
172.16.82.21,Set7,Stripe9
172.16.82.33,Set7,Stripe9
172.16.82.45,Set7,Stripe9
172.20.80.10,Set7,Stripe10
172.20.80.22,Set7,Stripe10
172.20.80.34,Set7,Stripe10
172.20.80.46,Set7,Stripe10
172.20.81.10,Set7,Stripe10
172.20.81.22,Set7,Stripe10
172.20.81.34,Set7,Stripe10
172.20.81.46,Set7,Stripe10
172.20.82.10,Set7,Stripe10
172.20.82.22,Set7,Stripe10
172.20.82.34,Set7,Stripe10
172.20.82.46,Set7,Stripe10
172.18.81.10,Set7,Stripe10
172.18.81.22,Set7,Stripe10
172.18.81.34,Set7,Stripe10
172.18.81.46,Set7,Stripe10
172.18.82.10,Set7,Stripe10
172.18.82.22,Set7,Stripe10
172.18.82.34,Set7,Stripe10
172.18.80.4,Set7,Stripe10
172.18.80.16,Set7,Stripe10
172.18.80.28,Set7,Stripe10
172.18.80.40,Set7,Stripe10
172.18.82.46,Set7,Stripe10
172.16.82.4,Set7,Stripe10
172.16.82.16,Set7,Stripe10
172.16.81.10,Set7,Stripe10
172.16.81.22,Set7,Stripe10
172.16.81.34,Set7,Stripe10
172.16.81.46,Set7,Stripe10
172.16.80.16,Set7,Stripe10
172.16.80.28,Set7,Stripe10
172.16.80.40,Set7,Stripe10
172.16.82.22,Set7,Stripe10
172.16.82.34,Set7,Stripe10
172.16.82.46,Set7,Stripe10
172.20.80.11,Set7,Stripe11
172.20.80.23,Set7,Stripe11
172.20.80.35,Set7,Stripe11
172.20.80.47,Set7,Stripe11
172.20.81.11,Set7,Stripe11
172.20.81.23,Set7,Stripe11
172.20.81.35,Set7,Stripe11
172.20.81.47,Set7,Stripe11
172.20.82.11,Set7,Stripe11
172.20.82.23,Set7,Stripe11
172.20.82.35,Set7,Stripe11
172.20.82.47,Set7,Stripe11
172.18.81.11,Set7,Stripe11
172.18.81.23,Set7,Stripe11
172.18.81.35,Set7,Stripe11
172.18.81.47,Set7,Stripe11
172.18.82.11,Set7,Stripe11
172.18.82.23,Set7,Stripe11
172.18.82.35,Set7,Stripe11
172.18.80.5,Set7,Stripe11
172.18.80.17,Set7,Stripe11
172.18.80.29,Set7,Stripe11
172.18.80.41,Set7,Stripe11
172.18.82.47,Set7,Stripe11
172.16.82.5,Set7,Stripe11
172.16.82.17,Set7,Stripe11
172.16.81.11,Set7,Stripe11
172.16.81.23,Set7,Stripe11
172.16.81.35,Set7,Stripe11
172.16.81.47,Set7,Stripe11
172.16.80.17,Set7,Stripe11
172.16.80.29,Set7,Stripe11
172.16.80.41,Set7,Stripe11
172.16.82.23,Set7,Stripe11
172.16.82.35,Set7,Stripe11
172.16.82.47,Set7,Stripe11
172.20.80.12,Set7,Stripe12
172.20.80.24,Set7,Stripe12
172.20.80.36,Set7,Stripe12
172.20.80.48,Set7,Stripe12
172.20.81.12,Set7,Stripe12
172.20.81.24,Set7,Stripe12
172.20.81.36,Set7,Stripe12
172.20.81.48,Set7,Stripe12
172.20.82.12,Set7,Stripe12
172.20.82.24,Set7,Stripe12
172.20.82.36,Set7,Stripe12
172.20.82.48,Set7,Stripe12
172.18.81.12,Set7,Stripe12
172.18.81.24,Set7,Stripe12
172.18.81.36,Set7,Stripe12
172.18.81.48,Set7,Stripe12
172.18.82.12,Set7,Stripe12
172.18.82.24,Set7,Stripe12
172.18.82.36,Set7,Stripe12
172.18.80.6,Set7,Stripe12
172.18.80.18,Set7,Stripe12
172.18.80.30,Set7,Stripe12
172.18.80.42,Set7,Stripe12
172.18.82.48,Set7,Stripe12
172.16.82.6,Set7,Stripe12
172.16.82.18,Set7,Stripe12
172.16.81.12,Set7,Stripe12
172.16.81.24,Set7,Stripe12
172.16.81.36,Set7,Stripe12
172.16.81.48,Set7,Stripe12
172.16.80.18,Set7,Stripe12
172.16.80.30,Set7,Stripe12
172.16.80.42,Set7,Stripe12
172.16.82.24,Set7,Stripe12
172.16.82.36,Set7,Stripe12
172.16.82.48,Set7,Stripe12